"";"ID";"Inserir.localização.geográfica.do.serviço (Atualizar com base no Google Earth)";"groups1a._geo_kml_latitude";"groups1a._geo_kml_longitude";"groups1a._geo_kml_altitude";"groups1a._geo_kml_precision"
"1";"q1_UAPS.RURAL...Buiéié";NA;NA;NA;NA;NA
"2";"q2_UAPS.RURAL...Caeté";NA;NA;NA;NA;NA
"3";"q3_UAPS.RURAL...Chapéu.D.Uvas";NA;NA;NA;NA;NA
"4";"q4_UAPS.RURAL...Dias.Tavares";NA;NA;NA;NA;NA
"5";"q5_UAPS.RURAL...Humaitá";NA;NA;NA;NA;NA
"6";"q6_UAPS.RURAL...Igrejinha";NA;NA;NA;NA;NA
"7";"q7_UAPS.RURAL...Jacutinga";NA;NA;NA;NA;NA
"8";"q8_UAPS.RURAL...Monte.Verde";"-21.86259157452484 -43.540748014845306 841.2297533945588 12.0";-21,8625915745248;-43,5407480148453;841,229753394559;12
"9";"q9_UAPS.RURAL...Palmital";NA;NA;NA;NA;NA
"10";"q10_UAPS.RURAL...Paula.Lima";NA;NA;NA;NA;NA
"11";"q11_UAPS.RURAL...Penido";NA;NA;NA;NA;NA
"12";"q12_UAPS.RURAL...Pirapetinga";NA;NA;NA;NA;NA
"13";"q13_UAPS.RURAL...Pires";NA;NA;NA;NA;NA
"14";"q14_UAPS.RURAL...Privilégio";NA;NA;NA;NA;NA
"15";"q15_UAPS.RURAL...Rosário.de.Minas";NA;NA;NA;NA;NA
"16";"q16_UAPS.RURAL...Sarandira";NA;NA;NA;NA;NA
"17";"q17_UAPS.RURAL...Toledos";NA;NA;NA;NA;NA
"18";"q18_UAPS.RURAL...Torreões";"-21.862505499099576 -43.5405609454881 790.9519365759082 8.0";-21,8625054990996;-43,5405609454881;790,951936575908;8
"19";"q19_UAPS.RURAL...Valadares";NA;NA;NA;NA;NA
"20";"q20_UAPS.URBANA...Centro.Sul";NA;NA;NA;NA;NA
"21";"q21_UAPS.URBANA...Dom.Bosco";"-21.778391798716104 -43.363756502729146 768.3423681636802 12.0";-21,7783917987161;-43,3637565027291;768,34236816368;12
"22";"q22_UAPS.URBANA...Santa.Cecília";"-21.782957482812336 -43.35407526884734 752.0968962902746 12.0";-21,7829574828123;-43,3540752688473;752,096896290275;12
"23";"q23_UAPS.URBANA...Bairro.Industrial";NA;NA;NA;NA;NA
"24";"q24_UAPS.URBANA...Barreira.do.Triunfo";NA;NA;NA;NA;NA
"25";"q25_UAPS.URBANA...Benfica";NA;NA;NA;NA;NA
"26";"q26_UAPS.URBANA...Cidade.do.Sol";NA;NA;NA;NA;NA
"27";"q27_UAPS.URBANA...Esplanada";"-21.74079859660071 -43.37773400064513 710.7273353862211 24.0";-21,7407985966007;-43,3777340006451;710,727335386221;24
"28";"q28_UAPS.URBANA...Jardim.Natal";"-21.731358575460973 -43.39821514985985 704.0055125518128 8.0";-21,731358575461;-43,3982151498599;704,005512551813;8
"29";"q29_UAPS.URBANA...Jóquei.Clube.I";"-21.72295109779155 -43.39769425868045 698.7355899369752 4.0";-21,7229510977916;-43,3976942586805;698,735589936975;4
"30";"q30_UAPS.URBANA...Jóquei.Clube.II";"-21.710903182780665 -43.410268093164746 674.0469111277048 32.0";-21,7109031827807;-43,4102680931647;674,046911127705;32
"31";"q31_UAPS.URBANA...Milho.Branco";NA;NA;NA;NA;NA
"32";"q32_UAPS.URBANA...Monte.Castelo";"-21.747247665320565 -43.38287192711577 691.3891192073044 16.0";-21,7472476653206;-43,3828719271158;691,389119207304;16
"33";"q33_UAPS.URBANA...Nova.Era";NA;NA;NA;NA;NA
"34";"q34_UAPS.URBANA...Santa.Cruz";"-21.709740296779742 -43.44061720948529 699.5931914352225 12.0";-21,7097402967797;-43,4406172094853;699,593191435222;12
"35";"q35_UAPS.URBANA...São.Judas.Tadeu";"-21.70378744 -43.43653031 695.7000122070313 21.0";-21,70378744;-43,43653031;695,700012207031;21
"36";"q36_UAPS.URBANA...Vila.Esperança";"-21.690353178137464 -43.44238120627149 685.0311393690059 6.0";-21,6903531781375;-43,4423812062715;685,031139369006;6
"37";"q37_UAPS.URBANA...Alto.Grajaú";NA;NA;NA;NA;NA
"38";"q38_UAPS.URBANA...Filgueiras";NA;NA;NA;NA;NA
"39";"q39_UAPS.URBANA...Linhares";"-21.7345078 -43.329141 0.0 38.0";-21,7345078;-43,329141;0;38
"40";"q40_UAPS.URBANA...Marumbí";"-21.7286007 -43.342365 0.0 1819.0";-21,7286007;-43,342365;0;1819
"41";"q41_UAPS.URBANA...Nossa.Senhora.Aparecida";"-21.74323191138846 -43.34734729228969 720.2193033243777 6.0";-21,7432319113885;-43,3473472922897;720,219303324378;6
"42";"q42_UAPS.URBANA...Progresso";NA;NA;NA;NA;NA
"43";"q43_UAPS.URBANA...Santa.Cândida.São.Sebastião";NA;NA;NA;NA;NA
"44";"q44_UAPS.URBANA...Santa.Rita";"-21.737527120650757 -43.3387374736584 829.6982593214643 16.0";-21,7375271206508;-43,3387374736584;829,698259321464;16
"45";"q45_UAPS.URBANA...São.Benedito";"-21.749373309677225 -43.325876870730866 869.4455476604109 32.0";-21,7493733096772;-43,3258768707309;869,445547660411;32
"46";"q46_UAPS.URBANA...Bairro.de.Lourdes";NA;NA;NA;NA;NA
"47";"q47_UAPS.URBANA...Furtado.de.Menezes";NA;NA;NA;NA;NA
"48";"q48_UAPS.URBANA...Jardim.da.Lua";"-21.762237045716834 -43.32763884911685 781.5631538429471 24.0";-21,7622370457168;-43,3276388491169;781,563153842947;24
"49";"q49_UAPS.URBANA...Jardim.Esperança";"-21.77088667 -43.29235552 622.7999877929688 16.0";-21,77088667;-43,29235552;622,799987792969;16
"50";"q50_UAPS.URBANA...Retiro";"-21.783666048247 -43.298491119851455 588.5746838710994 8.0";-21,783666048247;-43,2984911198515;588,574683871099;8
"51";"q51_UAPS.URBANA...Santo.Antônio";"-21.772958322953965 -43.312028987834736 763.9304163718607 8.0";-21,772958322954;-43,3120289878347;763,930416371861;8
"52";"q52_UAPS.URBANA...Vila.Ideal";NA;NA;NA;NA;NA
"53";"q53_UAPS.URBANA...Vila.Olavo.Costa";NA;NA;NA;NA;NA
"54";"q54_UAPS.URBANA...Cruzeiro.do.Sul";"-21.786520847631408 -43.34310752502736 771.0 16.0";-21,7865208476314;-43,3431075250274;771;16
"55";"q55_UAPS.URBANA...Ipiranga";NA;NA;NA;NA;NA
"56";"q56_UAPS.URBANA...Santa.Efigênia";"-21.799838798846064 -43.35758344534773 806.6021848673976 12.0";-21,7998387988461;-43,3575834453477;806,602184867398;12
"57";"q57_UAPS.URBANA...Santa.Luzia";"-21.785063060093307 -43.345898693594684 725.1378867628739 8.0";-21,7850630600933;-43,3458986935947;725,137886762874;8
"58";"q58_UAPS.URBANA...Teixeiras";NA;NA;NA;NA;NA
"59";"q59_UAPS.URBANA...Vale.Verde";NA;NA;NA;NA;NA
"60";"q60_UAPS.URBANA...Bandeirantes";"-21.720624110283755 -43.35400422072896 730.8870989609528 32.0";-21,7206241102838;-43,354004220729;730,887098960953;32
"61";"q61_UAPS.URBANA...Grama";"-21.690184910972086 -43.348303502493124 775.9355053819005 8.0";-21,6901849109721;-43,3483035024931;775,9355053819;8
"62";"q62_UAPS.URBANA...Granjas.Betânea";NA;NA;NA;NA;NA
"63";"q63_UAPS.URBANA...Nossa.Senhora.das.Graças";"-21.732995268363407 -43.36091367744872 741.3544297935331 12.0";-21,7329952683634;-43,3609136774487;741,354429793533;12
"64";"q64_UAPS.URBANA...Parque.Guarani";"-21.712917603901214 -43.35377934854552 983.265410448006 48.0";-21,7129176039012;-43,3537793485455;983,265410448006;48
"65";"q65_UAPS.URBANA...Borboleta";"-21.755034077079554 -43.37547359643211 771.2271036713373 16.0";-21,7550340770796;-43,3754735964321;771,227103671337;16
"66";"q66_UAPS.URBANA...Santos.Dumont";"-21.77919841459854 -43.38447445628229 841.9921457062451 16.0";-21,7791984145985;-43,3844744562823;841,992145706245;16
"67";"q67_UAPS.URBANA...São.Pedro";"-21.772886999918512 -43.37162752264398 857.1887095140057 6.0";-21,7728869999185;-43,371627522644;857,188709514006;6
"68";"q68_Ajuda.Mútua...ALANOM.Grupo.Harmonia";NA;NA;NA;NA;NA
"69";"q69_Ajuda.Mútua...ALANOM.Grupo.Libertação";"-21.7505709415572 -43.35586332651849 716.0986490549159 16.0";-21,7505709415572;-43,3558633265185;716,098649054916;16
"70";"q70_Ajuda.Mútua...ALANOM.Grupo.Renascer";NA;NA;NA;NA;NA
"71";"q71_Ajuda.Mútua...ALANOM.Grupo.Só.Por.Hoje";NA;NA;NA;NA;NA
"72";"q72_Ajuda.Mútua...GEVE";NA;NA;NA;NA;NA
"73";"q73_Ajuda.Mútua...Grupo.A.A.Juiz.de.Fora..Sala.de.abordagem.";"-21.761276478716592 -43.344140120290135 680.2105980863982 24.0";-21,7612764787166;-43,3441401202901;680,210598086398;24
"74";"q74_Ajuda.Mútua...Grupo.A.A..Central";"-21.76050142933211 -43.34631400962622 708.5245893299715 16.0";-21,7605014293321;-43,3463140096262;708,524589329971;16
"75";"q75_Ajuda.Mútua...Grupo.A.A..Libertação";"-21.744504829286456 -43.365609168955444 680.3106660890213 32.0";-21,7445048292865;-43,3656091689554;680,310666089021;32
"76";"q76_Ajuda.Mútua...Grupo.A.A..Reunidos";NA;NA;NA;NA;NA
"77";"q77_Ajuda.Mútua...Grupo.N.A..Glória";NA;NA;NA;NA;NA
"78";"q78_Ajuda.Mútua...Grupo.N.A..Libertação";"-21.77586294990523 -43.340868090748884 774.7215670414707 8.0";-21,7758629499052;-43,3408680907489;774,721567041471;8
"79";"q79_Ajuda.Mútua...NARANOM.Grupo.Glória";NA;NA;NA;NA;NA
"80";"q80_Ajuda.Mútua...NARANOM.Grupo.Parque.Halfeld";"-21.76069592115675 -43.3507936766504 672.6952022153009 24.0";-21,7606959211567;-43,3507936766504;672,695202215301;24
"81";"q81_Ajuda.Mútua...Pastoral.da.Sobriedade";NA;NA;NA;NA;NA
"82";"q82_Ajuda.Mútua...Grupo.A.A..Azul.e.Branco";NA;NA;NA;NA;NA
"83";"q83_Ajuda.Mútua...NARANOM.Grupo.Renascer";NA;NA;NA;NA;NA
"84";"q84_Ajuda.Mútua...Grupo.A.A..29.de.Junho";NA;NA;NA;NA;NA
"85";"q85_Ajuda.Mútua...Grupo.A.A..Cidade.do.Sol";NA;NA;NA;NA;NA
"86";"q86_Ajuda.Mútua...Grupo.A.A..Caminho.Da.Salvação";NA;NA;NA;NA;NA
"87";"q87_Ajuda.Mútua...Grupo.A.A..Dois.de.Março";NA;NA;NA;NA;NA
"88";"q88_Ajuda.Mútua...Grupo.A.A..Corrente.da.Sobriedade";NA;NA;NA;NA;NA
"89";"q89_Ajuda.Mútua...Grupo.A.A..Milho.Branco";NA;NA;NA;NA;NA
"90";"q90_Ajuda.Mútua...Grupo.A.A..Luz.Divina";NA;NA;NA;NA;NA
"91";"q91_Ajuda.Mútua...Igreja.Batista.Resplandecente.Estrela.do.Amanhã.IBREM";"-21.7389645 -43.3691652 0.0 151.758";-21,7389645;-43,3691652;0;151,758
"92";"q92_Ajuda.Mútua...Grupo.A.A..Nova.Era";NA;NA;NA;NA;NA
"93";"q93_Ajuda.Mútua...Grupo.A.A.União";NA;NA;NA;NA;NA
"94";"q94_Ajuda.Mútua...Grupo.A.A..Bairu";NA;NA;NA;NA;NA
"95";"q95_Ajuda.Mútua...Grupo.N.A..Caminho.Verdade";NA;NA;NA;NA;NA
"96";"q96_Ajuda.Mútua...Grupo.A.A..Bonfim";NA;NA;NA;NA;NA
"97";"q97_Ajuda.Mútua...Grupo.A.A..Linhares";NA;NA;NA;NA;NA
"98";"q98_Ajuda.Mútua...Grupo.A.A.Redenção.Abolição";NA;NA;NA;NA;NA
"99";"q99_Ajuda.Mútua...Grupo.A.A..Progresso";NA;NA;NA;NA;NA
"100";"q100_Ajuda.Mútua...Grupo.A.A..Estrela.D.Alva";NA;NA;NA;NA;NA
"101";"q101_Ajuda.Mútua...Grupo.A.A..Primeira.Tradição";NA;NA;NA;NA;NA
"102";"q102_Ajuda.Mútua...Grupo.A.A.Primeiro.Passo";"-21.7553817264195 -43.37699805838266 758.844295791423 24.0";-21,7553817264195;-43,3769980583827;758,844295791423;24
"103";"q103_Ajuda.Mútua...Grupo.A.A..Estrela.do.Oriente";NA;NA;NA;NA;NA
"104";"q104_Ajuda.Mútua...Grupo.de.Apoio.São.Pedro.do.Amor.Exigente..GASPAE.";NA;NA;NA;NA;NA
"105";"q105_Ajuda.Mútua...Grupo.A.A.Elo.da.Esperança";NA;NA;NA;NA;NA
"106";"q106_Ajuda.Mútua...Grupo.A.A.Duas.Vidas";NA;NA;NA;NA;NA
"107";"q107_Ajuda.Mútua...Grupo.A.A..Vinte.e.Cinco.de.Abril";NA;NA;NA;NA;NA
"108";"q108_Ajuda.Mútua...Grupo.A.A..Liberdade";NA;NA;NA;NA;NA
"109";"q109_Ajuda.Mútua...Igreja.Batista.Resplandecente.Estrela.do.Amanhã.IBREM.1";NA;NA;NA;NA;NA
"110";"q110_Ajuda.Mútua...Grupo.A.A..Ipiranga";NA;NA;NA;NA;NA
"111";"q111_Ajuda.Mútua...Grupo.N.A.Rendição";NA;NA;NA;NA;NA
"112";"q112_Ajuda.Mútua.Escritório.de.Serviços.Locais";"-21.7503319 -43.359862 0.0 3541.0";-21,7503319;-43,359862;0;3541
"113";"q113_Ajuda.Mútua.GABENAE...Grupo.de.apoio.Benfica.de.amor.exigente";NA;NA;NA;NA;NA
"114";"q114_Ajuda.Mútua.GASMAE...Grupo.de.apoio.São.Mateus.de.amor.exigente";NA;NA;NA;NA;NA
"115";"q115_Ajuda.Mútua.Grupo.de.amor.exigente...Linhares";NA;NA;NA;NA;NA
"116";"q116_Ajuda.Mútua.Grupo.de.amor.exigente...Santa.Terezinha";NA;NA;NA;NA;NA
"117";"q117_Entidades.Assistênciais.e.Dependencia.Química.e.CT...Associação.Beneficente.Cristã.Restituir";"-21.750866495299974 -43.353025788100105 711.1863228618982 12.0";-21,7508664953;-43,3530257881001;711,186322861898;12
"118";"q118_Entidades.Assistênciais.e.Dependencia.Química.e.CT...Centro.de.Recuperação.Resgatando.Vidas..Escritório.";"-21.755094004560085 -43.35443076690812 715.5793879383915 16.0";-21,7550940045601;-43,3544307669081;715,579387938392;16
"119";"q119_Entidades.Assistênciais.e.Dependencia.Química.e.CT...Centro.Metodista.de.Assistência.aos.Toxicômanos...CEMAT..Escritório.";"-21.7590997 -43.3516527 0.0 3093.0";-21,7590997;-43,3516527;0;3093
"120";"q120_Entidades.Assistênciais.e.Dependencia.Química.e.CT...Centro.Terapêutico.Reconstruir..escritório.";"-21.750657879011186 -43.35307425853997 696.6108762182722 32.0";-21,7506578790112;-43,35307425854;696,610876218272;32
"121";"q121_Entidades.Assistênciais.e.Dependencia.Química.e.CT...Grupo.de.Apoio.à.Família.e.aos.Dependentes.Químicos...GAFADEQUI..Administração..triagem.e.apoio.aos.familiares.";NA;NA;NA;NA;NA
"122";"q122_Entidades.Assistênciais.e.Dependencia.Química.e.CT...Associação.Projeto.Amor.e.Restauração...APAR";NA;NA;NA;NA;NA
"123";"q123_Entidades.Assistênciais.e.Dependencia.Química.e.CT...Vila.Verde..Unidade.Bromélias.";NA;NA;NA;NA;NA
"124";"q124_Entidades.Assistênciais.e.Dependencia.Química.e.CT...Centro.de.Recuperação.Juiz.de.Fora.Contra.as.Drogas";"-21.799662332558423 -43.348124391699116 839.7567380851509 16.0";-21,7996623325584;-43,3481243916991;839,756738085151;16
"125";"q125_Entidades.Assistênciais.e.Dependencia.Química.e.CT...Centro.de.Tratamento.Deville";"-21.837414238259694 -43.41336795765311 555.2037525196054 12.0";-21,8374142382597;-43,4133679576531;555,203752519605;12
"126";"q126_Entidades.Assistênciais.e.Dependencia.Química.e.CT...Núcleo.de.Apoio.aos.Toxicômanos.Anônimos.de.Juiz.de.Fora..NATA.";NA;NA;NA;NA;NA
"127";"q127_Entidades.Assistênciais.e.Dependencia.Química.e.CT...Centro.Metodista.de.Assistência.aos.Toxicômanos...CEMAT";NA;NA;NA;NA;NA
"128";"q128_Entidades.Assistênciais.e.Dependencia.Química.e.CT...Comunidade.Terapêutica.Família.em.Cristo";"-21.806872684857815 -43.353482353559144 816.8726673144822 12.0";-21,8068726848578;-43,3534823535591;816,872667314482;12
"129";"q129_Entidades.Assistênciais.e.Dependencia.Química.e.CT...Centro.de.Recuperação.SOS.Vida";NA;NA;NA;NA;NA
"130";"q130_Entidades.Assistênciais.e.Dependencia.Química.e.CT...Centro.Terapêutico.Reconstruir..fazenda.";NA;NA;NA;NA;NA
"131";"q131_Entidades.Assistênciais.e.Dependencia.Química.e.CT...Reencontro.com.a.Vida";NA;NA;NA;NA;NA
"132";"q132_Entidades.Assistênciais.e.Dependencia.Química.e.CT...Grupo.de.Apoio.à.Família.e.aos.Dependentes.Químicos...GAFADEQUI";"-21.77012242 -43.29504532 643.7999877929688 10.0";-21,77012242;-43,29504532;643,799987792969;10
"133";"q133_Entidades.Assistênciais.e.Dependencia.Química.e.CT...Associação.Projeto.Amor.e.Resgate";NA;NA;NA;NA;NA
"134";"q134_Entidades.Assistênciais.e.Dependencia.Química.e.CT...Comunidade.Terapêutica.Geração.de.Adoradores...CTGA";NA;NA;NA;NA;NA
"135";"q135_Entidades.Assistênciais.e.Dependencia.Química.e.CT...Vila.Verde..Unidade.Borboleta.";NA;NA;NA;NA;NA
"136";"q136_Entidades.Assistênciais.e.Dependencia.Química.e.CT...Centro.de.Recuperação.Resgatando.Vidas";NA;NA;NA;NA;NA
"137";"q137_Entidades.Assistênciais.e.Dependencia.Química.e.CT...Grupo.de.Apoio.à.Família.e.aos.Dependentes.Químicos...GAFADEQUI.1";NA;NA;NA;NA;NA
"138";"q138_Entidades.Assistênciais.e.Dependencia.Química.e.CT...Grupo.de.Apoio.à.Família.e.aos.Dependentes.Químicos…Território Aliança Zona Norte";"-21.701008386759074 -43.42773720723765 673.7759132808256 24.0";-21,7010083867591;-43,4277372072376;673,775913280826;24
"139";"q139_Residência.Terapeutica...Casa.1";NA;NA;NA;NA;NA
"140";"q140_Residência.Terapeutica...Casa.3";NA;NA;NA;NA;NA
"141";"q141_Residência.Terapeutica...Casa.4";NA;NA;NA;NA;NA
"142";"q142_Residência.Terapeutica...Casa.5";NA;NA;NA;NA;NA
"143";"q143_Residência.Terapeutica...Casa.6";NA;NA;NA;NA;NA
"144";"q144_Residência.Terapeutica...Casa.7";NA;NA;NA;NA;NA
"145";"q145_Residência.Terapeutica...Casa.V1";NA;NA;NA;NA;NA
"146";"q146_Residência.Terapeutica...Casa.V2";NA;NA;NA;NA;NA
"147";"q147_Residência.Terapeutica...Casa.V3";NA;NA;NA;NA;NA
"148";"q148_Residência.Terapeutica...Casa.V4";NA;NA;NA;NA;NA
"149";"q149_Residência.Terapeutica...Casa.V5";"-21.7932348 -43.3497176 0.0 2573.0";-21,7932348;-43,3497176;0;2573
"150";"q150_Residência.Terapeutica...Casa.V6";NA;NA;NA;NA;NA
"151";"q151_Entidades.Socioassistenciais...Associação.Beneficente.e.Cultural.Amigos.do.Noivo..ABAN...Matriz.";"-21.762387252377547 -43.34889456412234 692.675143151181 32.0";-21,7623872523775;-43,3488945641223;692,675143151181;32
"152";"q152_Entidades.Socioassistenciais...ONG.Saída";NA;NA;NA;NA;NA
"153";"q153_Entidades.Socioassistenciais...Instituto.Veredas..Projeto..Assessoria.e.Prática.em.Saúde.Mental.....Serviço.de.Referência.para.Adolescentes.do.Instituto.Veredas";"-21.760865335879586 -43.35386341045143 729.9424581259208 12.0";-21,7608653358796;-43,3538634104514;729,942458125921;12
"154";"q154_Entidades.Socioassistenciais...Associação.Metodista.de.Ação.Social.do.Bairro.São.Mateus..AMAS.";NA;NA;NA;NA;NA
"155";"q155_Entidades.Socioassistenciais...Casa.de.Acolhimento.à.Infância.e.Adolescente..CAIA.";"-21.76234792034946 -43.354018490054976 711.7367192097838 12.0";-21,7623479203495;-43,354018490055;711,736719209784;12
"156";"q156_Entidades.Socioassistenciais...Fundação.Maria.Mãe";NA;NA;NA;NA;NA
"157";"q157_Entidades.Socioassistenciais...Associação.Beneficente.e.Cultural.Amigos.do.Noivo..ABAN.";"-21.765590908643773 -43.368637945569795 858.700289816448 6.0";-21,7655909086438;-43,3686379455698;858,700289816448;6
"158";"q158_Entidades.Socioassistenciais...Associação.Casa.Viva";"-21.795207414422 -43.341826019302566 716.3218736720876 16.0";-21,795207414422;-43,3418260193026;716,321873672088;16
"159";"q159_Entidades.Socioassistenciais...Casa.São.Camilo.de.Lelis";NA;NA;NA;NA;NA
"160";"q160_Entidades.Socioassistenciais…ABAN  Dom Bosco";NA;NA;NA;NA;NA
"161";"q161_Entidades.Socioassistenciais…GEDAE";NA;NA;NA;NA;NA
"162";"q162_Assistência.Hospitalar...Centro.de.Referência.em.Álcool.e.Drogas..RADCAS..Hospital.Universitário";"-21.78605155068011 -43.368202916880215 880.2561095866372 24.0";-21,7860515506801;-43,3682029168802;880,256109586637;24
"163";"q163_Assistência.Hospitalar...Hospital.de.Pronto.Socorro...HPS";NA;NA;NA;NA;NA
"164";"q164_Assistência.Hospitalar...Serviço.de.Controle.e.Prevenção.e.Tratamento.do.Tabagismo..SECOPTT.";"-21.759837892522746 -43.34933751829087 702.2046040737961 200.0";-21,7598378925227;-43,3493375182909;702,204604073796;200
"165";"q165_Assistência.Hospitalar...Hospital.Ana.Nery";NA;NA;NA;NA;NA
"166";"q166_Assistência.Hospitalar...Hospital.Regional.João.Penido";NA;NA;NA;NA;NA
"167";"q167_Assistência.Hospitalar...Hospital.de.Toxicômanos";NA;NA;NA;NA;NA
"168";"q168_Assistência.Hospitalar...Clínica.Vila.Verde..Hospital.Dia.";NA;NA;NA;NA;NA
"169";"q169_Assistência.Hospitalar...Casa.de.Saúde.Esperança";NA;NA;NA;NA;NA
"170";"q170_CAPS...CAPS.AD";NA;NA;NA;NA;NA
"171";"q171_CAPS...CAPS.Casa.Viva";NA;NA;NA;NA;NA
"172";"q172_CAPS...CAPS.HU";NA;NA;NA;NA;NA
"173";"q173_CAPS...CAPS.IJ";NA;NA;NA;NA;NA
"174";"q174_CAPS...CAPS.Leste";NA;NA;NA;NA;NA
"175";"q175_CRAS...CRAS.Leste.Linhares";"-21.73019881548099 -43.32807192094198 753.8017761099818 24.0";-21,730198815481;-43,328071920942;753,801776109982;24
"176";"q176_CRAS...CRAS.Leste.São.Benedito";"-21.75231178170894 -43.3252221950378 848.2445592632545 16.0";-21,7523117817089;-43,3252221950378;848,244559263254;16
"177";"q177_CRAS...CRAS.Sudeste.Costa.Carvalho";"-21.763399923592207 -43.33358879511328 645.5631429432474 12.0";-21,7633999235922;-43,3335887951133;645,563142943247;12
"178";"q178_CRAS...CRAS.Sudeste.Olavo.Costa";"-21.77403376300634 -43.3346637463307 770.0917585231851 32.0";-21,7740337630063;-43,3346637463307;770,091758523185;32
"179";"q179_CRAS...CRAS.Nordeste.Grama";"-21.694639270923826 -43.35366083126624 767.0604316600578 6.0";-21,6946392709238;-43,3536608312662;767,060431660058;6
"180";"q180_CRAS...CRAS.Centro";"-21.762678120529586 -43.34274892615997 700.7591406053526 12.0";-21,7626781205296;-43,34274892616;700,759140605353;12
"181";"q181_CRAS...CRAS.Norte.Benfica";"-21.690277048596286 -43.43383448219818 708.0886779530891 6.0";-21,6902770485963;-43,4338344821982;708,088677953089;6
"182";"q182_CRAS...CRAS.Oeste.São.Pedro";"-21.774404374344382 -43.37733723513368 881.0594525387146 8.0";-21,7744043743444;-43,3773372351337;881,059452538715;8
"183";"q183_CRAS...CRAS.Sul.Ipiranga";"-21.794997779717693 -43.35119115569321 731.2622796766636 12.0";-21,7949977797177;-43,3511911556932;731,262279676664;12
"184";"q184_CREAS...CREAS.Idoso.e.Mulher";"-21.762380490346953 -43.34341314671873 686.5830617642354 16.0";-21,762380490347;-43,3434131467187;686,583061764235;16
"185";"q185_CREAS...CREAS.Infância.e.Juventude";"-21.76269377190325 -43.342842781783055 716.745858138368 32.0";-21,7626937719033;-43,3428427817831;716,745858138368;32
"186";"q186_CREAS...CREAS.População.de.Rua..CentroPop.";"-21.75297546027327 -43.34970468206212 709.212770368292 32.0";-21,7529754602733;-43,3497046820621;709,212770368292;32
"187";"q187_CREAS...CREAS.Norte";"-21.72443175691707 -43.39744969066952 667.1420836504857 12.0";-21,7244317569171;-43,3974496906695;667,142083650486;12
"188";"q188_Acolhimento.Institucional...Núcleo.Cidadão.de.Rua.Hebert.de.Souza";NA;NA;NA;NA;NA
"189";"q189_Acolhimento.Institucional...Sociedade.São.Vicente.de.Paulo";"-21.750683378149233 -43.3379159354678 0.006575372999226179 350.0";-21,7506833781492;-43,3379159354678;0,00657537299922618;350
"190";"q190_Acolhimento.Institucional...Casa.da.Cidadania";"-21.77104888 -43.29767544 633.5 19.0";-21,77104888;-43,29767544;633,5;19
"191";"q191_Urgência.Emergência...Serviço.de.Atendimento.Móvel.de.Urgência..SAMU.";"-21.75705511124959 -43.353744989487986 703.5125964093019 12.0";-21,7570551112496;-43,353744989488;703,512596409302;12
"192";"q192_Ambulatório.de.Saúde.Mental...Centro.de.Atenção.à.Saúde.Mental..CASM.";"-21.75585444064044 -43.35525635679724 712.8672746362689 16.0";-21,7558544406404;-43,3552563567972;712,867274636269;16
"193";"q193_Centro.de.Convivência...Associação.TRABALHARTE";NA;NA;NA;NA;NA
"194";"q194_Consultório.na.Rua...Equipe.de.Consultório.na.Rua..UAPS.de.referência.Vila.Ideal.";"-21.794961511720174 -43.342269328135785 723.201153896811 24.0";-21,7949615117202;-43,3422693281358;723,201153896811;24
"195";"q195_Consultório.na.Rua...Equipe.de.Consultório.na.Rua..Associação.Casa.Viva.";"-21.794961511720174 -43.342269328135785 723.201153896811 24.0";-21,7949615117202;-43,3422693281358;723,201153896811;24
"196";NA;NA;NA;NA;NA;NA
"197";NA;NA;NA;NA;NA;NA
"198";NA;NA;NA;NA;NA;NA
"199";NA;NA;NA;NA;NA;NA
"200";NA;NA;NA;NA;NA;NA
"201";NA;NA;NA;NA;NA;NA
"202";NA;NA;NA;NA;NA;NA
"203";NA;NA;NA;NA;NA;NA
"204";NA;NA;NA;NA;NA;NA
"205";NA;NA;NA;NA;NA;NA
"206";NA;NA;NA;NA;NA;NA
"207";NA;NA;NA;NA;NA;NA
"208";NA;NA;NA;NA;NA;NA
"209";NA;NA;NA;NA;NA;NA
"210";NA;NA;NA;NA;NA;NA
"211";NA;NA;NA;NA;NA;NA
"212";NA;NA;NA;NA;NA;NA
"213";NA;NA;NA;NA;NA;NA
"214";NA;NA;NA;NA;NA;NA
"215";NA;NA;NA;NA;NA;NA
"216";NA;NA;NA;NA;NA;NA
"217";NA;NA;NA;NA;NA;NA
"218";NA;NA;NA;NA;NA;NA
"219";NA;NA;NA;NA;NA;NA
"220";NA;NA;NA;NA;NA;NA
"221";NA;NA;NA;NA;NA;NA
"222";NA;NA;NA;NA;NA;NA
"223";NA;NA;NA;NA;NA;NA
"224";NA;NA;NA;NA;NA;NA
"225";NA;NA;NA;NA;NA;NA
"226";NA;NA;NA;NA;NA;NA
"227";NA;NA;NA;NA;NA;NA
"228";NA;NA;NA;NA;NA;NA
"229";NA;NA;NA;NA;NA;NA
"230";NA;NA;NA;NA;NA;NA
"231";NA;NA;NA;NA;NA;NA
"232";NA;NA;NA;NA;NA;NA
"233";NA;NA;NA;NA;NA;NA
"234";NA;NA;NA;NA;NA;NA
"235";NA;NA;NA;NA;NA;NA
"236";NA;NA;NA;NA;NA;NA
"237";NA;NA;NA;NA;NA;NA
"238";NA;NA;NA;NA;NA;NA
"239";NA;NA;NA;NA;NA;NA
"240";NA;NA;NA;NA;NA;NA
"241";NA;NA;NA;NA;NA;NA
"242";NA;NA;NA;NA;NA;NA
"243";NA;NA;NA;NA;NA;NA
"244";NA;NA;NA;NA;NA;NA
"245";NA;NA;NA;NA;NA;NA
"246";NA;NA;NA;NA;NA;NA
"247";NA;NA;NA;NA;NA;NA
"248";NA;NA;NA;NA;NA;NA
"249";NA;NA;NA;NA;NA;NA
"250";NA;NA;NA;NA;NA;NA
"251";NA;NA;NA;NA;NA;NA
"252";NA;NA;NA;NA;NA;NA
"253";NA;NA;NA;NA;NA;NA
"254";NA;NA;NA;NA;NA;NA
"255";NA;NA;NA;NA;NA;NA
"256";NA;NA;NA;NA;NA;NA
"257";NA;NA;NA;NA;NA;NA
"258";NA;NA;NA;NA;NA;NA
"259";NA;NA;NA;NA;NA;NA
"260";NA;NA;NA;NA;NA;NA
"261";NA;NA;NA;NA;NA;NA
"262";NA;NA;NA;NA;NA;NA
"263";NA;NA;NA;NA;NA;NA
"264";NA;NA;NA;NA;NA;NA
"265";NA;NA;NA;NA;NA;NA
"266";NA;NA;NA;NA;NA;NA
"267";NA;NA;NA;NA;NA;NA
"268";NA;NA;NA;NA;NA;NA
"269";NA;NA;NA;NA;NA;NA
"270";NA;NA;NA;NA;NA;NA
"271";NA;NA;NA;NA;NA;NA
"272";NA;NA;NA;NA;NA;NA
"273";NA;NA;NA;NA;NA;NA
"274";NA;NA;NA;NA;NA;NA
"275";NA;NA;NA;NA;NA;NA
"276";NA;NA;NA;NA;NA;NA
"277";NA;NA;NA;NA;NA;NA
"278";NA;NA;NA;NA;NA;NA
"279";NA;NA;NA;NA;NA;NA
"280";NA;NA;NA;NA;NA;NA
"281";NA;NA;NA;NA;NA;NA
"282";NA;NA;NA;NA;NA;NA
"283";NA;NA;NA;NA;NA;NA
"284";NA;NA;NA;NA;NA;NA
"285";NA;NA;NA;NA;NA;NA
"286";NA;NA;NA;NA;NA;NA
"287";NA;NA;NA;NA;NA;NA
"288";NA;NA;NA;NA;NA;NA
"289";NA;NA;NA;NA;NA;NA
"290";NA;NA;NA;NA;NA;NA
"291";NA;NA;NA;NA;NA;NA
"292";NA;NA;NA;NA;NA;NA
"293";NA;NA;NA;NA;NA;NA
"294";NA;NA;NA;NA;NA;NA
"295";NA;NA;NA;NA;NA;NA
"296";NA;NA;NA;NA;NA;NA
"297";NA;NA;NA;NA;NA;NA
"298";NA;NA;NA;NA;NA;NA
"299";NA;NA;NA;NA;NA;NA
"300";NA;NA;NA;NA;NA;NA
"301";NA;NA;NA;NA;NA;NA
"302";NA;NA;NA;NA;NA;NA
"303";NA;NA;NA;NA;NA;NA
"304";NA;NA;NA;NA;NA;NA
"305";NA;NA;NA;NA;NA;NA
"306";NA;NA;NA;NA;NA;NA
"307";NA;NA;NA;NA;NA;NA
"308";NA;NA;NA;NA;NA;NA
"309";NA;NA;NA;NA;NA;NA
"310";NA;NA;NA;NA;NA;NA
"311";NA;NA;NA;NA;NA;NA
"312";NA;NA;NA;NA;NA;NA
"313";NA;NA;NA;NA;NA;NA
"314";NA;NA;NA;NA;NA;NA
"315";NA;NA;NA;NA;NA;NA
"316";NA;NA;NA;NA;NA;NA
"317";NA;NA;NA;NA;NA;NA
"318";NA;NA;NA;NA;NA;NA
"319";NA;NA;NA;NA;NA;NA
"320";NA;NA;NA;NA;NA;NA
